[
null,
{"id":1,"animationId":41,"damage":{"critical":false,"elementId":0,"formula":"200 + a.mat","type":0,"variance":20},"description":"","effects":[{"code":21,"dataId":11,"value1":1,"value2":0}],"hitType":0,"iconIndex":72,"message1":"は%1を唱えた！","message2":"","mpCost":0,"name":"マップ回復","note":"","occasion":0,"repeats":1,"requiredWtypeId1":0,"requiredWtypeId2":0,"scope":7,"speed":0,"stypeId":1,"successRate":100,"tpCost":0,"tpGain":10},
{"id":2,"animationId":41,"damage":{"critical":false,"elementId":0,"formula":"200 + a.mat","type":0,"variance":20},"description":"","effects":[{"code":21,"dataId":12,"value1":1,"value2":0}],"hitType":0,"iconIndex":72,"message1":"は%1を唱えた！","message2":"","mpCost":0,"name":"マップ毒","note":"","occasion":0,"repeats":1,"requiredWtypeId1":0,"requiredWtypeId2":0,"scope":7,"speed":0,"stypeId":1,"successRate":100,"tpCost":0,"tpGain":10},
{"id":3,"animationId":41,"damage":{"critical":false,"elementId":0,"formula":"200 + a.mat","type":0,"variance":20},"description":"","effects":[{"code":21,"dataId":13,"value1":1,"value2":0}],"hitType":0,"iconIndex":72,"message1":"は%1を唱えた！","message2":"","mpCost":0,"name":"マップじわへり","note":"","occasion":0,"repeats":1,"requiredWtypeId1":0,"requiredWtypeId2":0,"scope":7,"speed":0,"stypeId":1,"successRate":100,"tpCost":0,"tpGain":10},
{"id":4,"animationId":41,"damage":{"critical":false,"elementId":0,"formula":"200 + a.mat","type":0,"variance":20},"description":"","effects":[{"code":21,"dataId":14,"value1":1,"value2":0}],"hitType":0,"iconIndex":72,"message1":"は%1を唱えた！","message2":"","mpCost":0,"name":"マップＴＰじわ増え","note":"","occasion":0,"repeats":1,"requiredWtypeId1":0,"requiredWtypeId2":0,"scope":7,"speed":0,"stypeId":1,"successRate":100,"tpCost":0,"tpGain":10},
{"id":5,"animationId":41,"damage":{"critical":false,"elementId":0,"formula":"200 + a.mat","type":0,"variance":20},"description":"","effects":[{"code":22,"dataId":11,"value1":1,"value2":0},{"code":22,"dataId":12,"value1":1,"value2":0},{"code":22,"dataId":13,"value1":1,"value2":0},{"code":22,"dataId":14,"value1":1,"value2":0},{"code":22,"dataId":4,"value1":1,"value2":0}],"hitType":0,"iconIndex":72,"message1":"は%1を唱えた！","message2":"","mpCost":0,"name":"マップステートリセット","note":"","occasion":0,"repeats":1,"requiredWtypeId1":0,"requiredWtypeId2":0,"scope":7,"speed":0,"stypeId":1,"successRate":100,"tpCost":0,"tpGain":10},
{"id":6,"animationId":41,"damage":{"critical":false,"elementId":0,"formula":"200 + a.mat","type":0,"variance":20},"description":"","effects":[{"code":21,"dataId":4,"value1":1,"value2":0}],"hitType":0,"iconIndex":72,"message1":"は%1を唱えた！","message2":"","mpCost":0,"name":"普通の毒","note":"","occasion":0,"repeats":1,"requiredWtypeId1":0,"requiredWtypeId2":0,"scope":7,"speed":0,"stypeId":1,"successRate":100,"tpCost":0,"tpGain":10},
{"id":7,"animationId":0,"damage":{"critical":false,"elementId":0,"formula":"0","type":0,"variance":20},"description":"","effects":[],"hitType":0,"iconIndex":0,"message1":"","message2":"","mpCost":0,"name":"","note":"","occasion":0,"repeats":1,"requiredWtypeId1":0,"requiredWtypeId2":0,"scope":1,"speed":0,"stypeId":1,"successRate":100,"tpCost":0,"tpGain":0},
{"id":8,"animationId":0,"damage":{"critical":false,"elementId":0,"formula":"0","type":0,"variance":20},"description":"","effects":[],"hitType":0,"iconIndex":0,"message1":"","message2":"","mpCost":0,"name":"","note":"","occasion":0,"repeats":1,"requiredWtypeId1":0,"requiredWtypeId2":0,"scope":1,"speed":0,"stypeId":1,"successRate":100,"tpCost":0,"tpGain":0},
{"id":9,"animationId":0,"damage":{"critical":false,"elementId":0,"formula":"0","type":0,"variance":20},"description":"","effects":[],"hitType":0,"iconIndex":0,"message1":"","message2":"","mpCost":0,"name":"","note":"","occasion":0,"repeats":1,"requiredWtypeId1":0,"requiredWtypeId2":0,"scope":1,"speed":0,"stypeId":1,"successRate":100,"tpCost":0,"tpGain":0},
{"id":10,"animationId":0,"damage":{"critical":false,"elementId":0,"formula":"0","type":0,"variance":20},"description":"","effects":[],"hitType":0,"iconIndex":0,"message1":"","message2":"","mpCost":0,"name":"","note":"","occasion":0,"repeats":1,"requiredWtypeId1":0,"requiredWtypeId2":0,"scope":1,"speed":0,"stypeId":1,"successRate":100,"tpCost":0,"tpGain":0}
]